# ************************************************************
# Sequel Ace SQL dump
# Version 20046
#
# https://sequel-ace.com/
# https://github.com/Sequel-Ace/Sequel-Ace
#
# Host: localhost (MySQL 8.0.31)
# Database: ta2
# Generation Time: 2023-06-26 04:26:35 +0000
# ************************************************************


/*!40101 SET @OLD_CHARACTER_SET_CLIENT=@@CHARACTER_SET_CLIENT */;
/*!40101 SET @OLD_CHARACTER_SET_RESULTS=@@CHARACTER_SET_RESULTS */;
/*!40101 SET @OLD_COLLATION_CONNECTION=@@COLLATION_CONNECTION */;
SET NAMES utf8mb4;
/*!40014 SET @OLD_FOREIGN_KEY_CHECKS=@@FOREIGN_KEY_CHECKS, FOREIGN_KEY_CHECKS=0 */;
/*!40101 SET @OLD_SQL_MODE='NO_AUTO_VALUE_ON_ZERO', SQL_MODE='NO_AUTO_VALUE_ON_ZERO' */;
/*!40111 SET @OLD_SQL_NOTES=@@SQL_NOTES, SQL_NOTES=0 */;


# Dump of table migrations
# ------------------------------------------------------------

DROP TABLE IF EXISTS `migrations`;

CREATE TABLE `migrations` (
  `id` int unsigned NOT NULL AUTO_INCREMENT,
  `migration` varchar(255) COLLATE utf8mb4_unicode_ci NOT NULL,
  `batch` int NOT NULL,
  PRIMARY KEY (`id`)
) ENGINE=InnoDB AUTO_INCREMENT=5 DEFAULT CHARSET=utf8mb4 COLLATE=utf8mb4_unicode_ci;

LOCK TABLES `migrations` WRITE;
/*!40000 ALTER TABLE `migrations` DISABLE KEYS */;

INSERT INTO `migrations` (`id`, `migration`, `batch`)
VALUES
	(1,'2019_12_14_000001_create_personal_access_tokens_table',1),
	(2,'2023_06_26_023421_create_score_aspects_table',1),
	(3,'2023_06_26_023432_create_students_table',1),
	(4,'2023_06_26_023456_create_student_scores_table',1);

/*!40000 ALTER TABLE `migrations` ENABLE KEYS */;
UNLOCK TABLES;


# Dump of table personal_access_tokens
# ------------------------------------------------------------

DROP TABLE IF EXISTS `personal_access_tokens`;

CREATE TABLE `personal_access_tokens` (
  `id` bigint unsigned NOT NULL AUTO_INCREMENT,
  `tokenable_type` varchar(255) COLLATE utf8mb4_unicode_ci NOT NULL,
  `tokenable_id` bigint unsigned NOT NULL,
  `name` varchar(255) COLLATE utf8mb4_unicode_ci NOT NULL,
  `token` varchar(64) COLLATE utf8mb4_unicode_ci NOT NULL,
  `abilities` text COLLATE utf8mb4_unicode_ci,
  `last_used_at` timestamp NULL DEFAULT NULL,
  `expires_at` timestamp NULL DEFAULT NULL,
  `created_at` timestamp NULL DEFAULT NULL,
  `updated_at` timestamp NULL DEFAULT NULL,
  PRIMARY KEY (`id`),
  UNIQUE KEY `personal_access_tokens_token_unique` (`token`),
  KEY `personal_access_tokens_tokenable_type_tokenable_id_index` (`tokenable_type`,`tokenable_id`)
) ENGINE=InnoDB DEFAULT CHARSET=utf8mb4 COLLATE=utf8mb4_unicode_ci;



# Dump of table score_aspects
# ------------------------------------------------------------

DROP TABLE IF EXISTS `score_aspects`;

CREATE TABLE `score_aspects` (
  `id` bigint unsigned NOT NULL AUTO_INCREMENT,
  `name` varchar(255) COLLATE utf8mb4_unicode_ci NOT NULL,
  PRIMARY KEY (`id`)
) ENGINE=InnoDB AUTO_INCREMENT=6 DEFAULT CHARSET=utf8mb4 COLLATE=utf8mb4_unicode_ci;

LOCK TABLES `score_aspects` WRITE;
/*!40000 ALTER TABLE `score_aspects` DISABLE KEYS */;

INSERT INTO `score_aspects` (`id`, `name`)
VALUES
	(1,'Quiz'),
	(2,'Tugas'),
	(3,'Absensi'),
	(4,'Praktek'),
	(5,'UAS');

/*!40000 ALTER TABLE `score_aspects` ENABLE KEYS */;
UNLOCK TABLES;


# Dump of table student_scores
# ------------------------------------------------------------

DROP TABLE IF EXISTS `student_scores`;

CREATE TABLE `student_scores` (
  `id` bigint unsigned NOT NULL AUTO_INCREMENT,
  `student_id` bigint unsigned NOT NULL,
  `score_aspect_id` bigint unsigned NOT NULL,
  `score` int NOT NULL,
  `semester` tinyint NOT NULL,
  `created_at` timestamp NULL DEFAULT NULL,
  `updated_at` timestamp NULL DEFAULT NULL,
  PRIMARY KEY (`id`),
  KEY `student_scores_student_id_foreign` (`student_id`),
  KEY `student_scores_score_aspect_id_foreign` (`score_aspect_id`),
  CONSTRAINT `student_scores_score_aspect_id_foreign` FOREIGN KEY (`score_aspect_id`) REFERENCES `score_aspects` (`id`) ON DELETE CASCADE ON UPDATE CASCADE,
  CONSTRAINT `student_scores_student_id_foreign` FOREIGN KEY (`student_id`) REFERENCES `students` (`id`) ON DELETE CASCADE ON UPDATE CASCADE
) ENGINE=InnoDB AUTO_INCREMENT=186 DEFAULT CHARSET=utf8mb4 COLLATE=utf8mb4_unicode_ci;

LOCK TABLES `student_scores` WRITE;
/*!40000 ALTER TABLE `student_scores` DISABLE KEYS */;

INSERT INTO `student_scores` (`id`, `student_id`, `score_aspect_id`, `score`, `semester`, `created_at`, `updated_at`)
VALUES
	(1,1,1,85,1,'2023-06-26 03:19:15','2023-06-26 03:19:15'),
	(2,1,2,82,1,'2023-06-26 03:19:15','2023-06-26 03:19:15'),
	(3,1,3,85,1,'2023-06-26 03:19:15','2023-06-26 03:19:15'),
	(4,1,4,95,1,'2023-06-26 03:19:15','2023-06-26 03:19:15'),
	(5,1,5,81,1,'2023-06-26 03:19:15','2023-06-26 03:19:15'),
	(6,1,1,76,2,'2023-06-26 03:19:15','2023-06-26 03:19:15'),
	(7,1,2,85,2,'2023-06-26 03:19:15','2023-06-26 03:19:15'),
	(8,1,3,82,2,'2023-06-26 03:19:15','2023-06-26 03:19:15'),
	(9,1,4,91,2,'2023-06-26 03:19:15','2023-06-26 03:19:15'),
	(10,1,5,88,2,'2023-06-26 03:19:15','2023-06-26 03:19:15'),
	(11,1,1,87,3,'2023-06-26 03:19:15','2023-06-26 03:19:15'),
	(12,1,2,77,3,'2023-06-26 03:19:15','2023-06-26 03:19:15'),
	(13,1,3,100,3,'2023-06-26 03:19:15','2023-06-26 03:19:15'),
	(14,1,4,90,3,'2023-06-26 03:19:15','2023-06-26 03:19:15'),
	(15,1,5,78,3,'2023-06-26 03:19:15','2023-06-26 03:19:15'),
	(16,1,1,93,4,'2023-06-26 03:19:15','2023-06-26 03:19:15'),
	(17,1,2,88,4,'2023-06-26 03:19:15','2023-06-26 03:19:15'),
	(18,1,3,88,4,'2023-06-26 03:19:15','2023-06-26 03:19:15'),
	(19,1,4,84,4,'2023-06-26 03:19:15','2023-06-26 03:19:15'),
	(20,1,5,78,4,'2023-06-26 03:19:15','2023-06-26 03:19:15'),
	(21,1,1,77,5,'2023-06-26 03:19:15','2023-06-26 03:19:15'),
	(22,1,2,100,5,'2023-06-26 03:19:15','2023-06-26 03:19:15'),
	(23,1,3,84,5,'2023-06-26 03:19:15','2023-06-26 03:19:15'),
	(24,1,4,80,5,'2023-06-26 03:19:15','2023-06-26 03:19:15'),
	(25,1,5,86,5,'2023-06-26 03:19:15','2023-06-26 03:19:15'),
	(26,1,1,87,6,'2023-06-26 03:19:15','2023-06-26 03:19:15'),
	(27,1,2,83,6,'2023-06-26 03:19:15','2023-06-26 03:19:15'),
	(28,1,3,85,6,'2023-06-26 03:19:15','2023-06-26 03:19:15'),
	(29,1,4,91,6,'2023-06-26 03:19:15','2023-06-26 03:19:15'),
	(30,1,5,85,6,'2023-06-26 03:19:15','2023-06-26 03:19:15'),
	(31,1,1,88,7,'2023-06-26 03:19:15','2023-06-26 03:19:15'),
	(32,1,2,99,7,'2023-06-26 03:19:15','2023-06-26 03:19:15'),
	(33,1,3,100,7,'2023-06-26 03:19:15','2023-06-26 03:19:15'),
	(34,1,4,75,7,'2023-06-26 03:19:15','2023-06-26 03:19:15'),
	(35,1,5,80,7,'2023-06-26 03:19:15','2023-06-26 03:19:15'),
	(36,2,1,93,1,'2023-06-26 03:19:15','2023-06-26 03:19:15'),
	(37,2,2,75,1,'2023-06-26 03:19:15','2023-06-26 03:19:15'),
	(38,2,3,97,1,'2023-06-26 03:19:15','2023-06-26 03:19:15'),
	(39,2,4,83,1,'2023-06-26 03:19:15','2023-06-26 03:19:15'),
	(40,2,5,76,1,'2023-06-26 03:19:15','2023-06-26 03:19:15'),
	(41,2,1,83,2,'2023-06-26 03:19:15','2023-06-26 03:19:15'),
	(42,2,2,86,2,'2023-06-26 03:19:15','2023-06-26 03:19:15'),
	(43,2,3,83,2,'2023-06-26 03:19:15','2023-06-26 03:19:15'),
	(44,2,4,94,2,'2023-06-26 03:19:15','2023-06-26 03:19:15'),
	(45,2,5,79,2,'2023-06-26 03:19:15','2023-06-26 03:19:15'),
	(46,2,1,91,3,'2023-06-26 03:19:15','2023-06-26 03:19:15'),
	(47,2,2,95,3,'2023-06-26 03:19:15','2023-06-26 03:19:15'),
	(48,2,3,86,3,'2023-06-26 03:19:15','2023-06-26 03:19:15'),
	(49,2,4,99,3,'2023-06-26 03:19:15','2023-06-26 03:19:15'),
	(50,2,5,78,3,'2023-06-26 03:19:15','2023-06-26 03:19:15'),
	(51,2,1,99,4,'2023-06-26 03:19:15','2023-06-26 03:19:15'),
	(52,2,2,87,4,'2023-06-26 03:19:15','2023-06-26 03:19:15'),
	(53,2,3,89,4,'2023-06-26 03:19:15','2023-06-26 03:19:15'),
	(54,2,4,77,4,'2023-06-26 03:19:15','2023-06-26 03:19:15'),
	(55,2,5,91,4,'2023-06-26 03:19:15','2023-06-26 03:19:15'),
	(56,2,1,79,5,'2023-06-26 03:19:15','2023-06-26 03:19:15'),
	(57,2,2,75,5,'2023-06-26 03:19:15','2023-06-26 03:19:15'),
	(58,2,3,90,5,'2023-06-26 03:19:15','2023-06-26 03:19:15'),
	(59,2,4,92,5,'2023-06-26 03:19:15','2023-06-26 03:19:15'),
	(60,2,5,91,5,'2023-06-26 03:19:15','2023-06-26 03:19:15'),
	(61,2,1,93,6,'2023-06-26 03:19:15','2023-06-26 03:19:15'),
	(62,2,2,78,6,'2023-06-26 03:19:15','2023-06-26 03:19:15'),
	(63,2,3,99,6,'2023-06-26 03:19:15','2023-06-26 03:19:15'),
	(64,2,4,79,6,'2023-06-26 03:19:15','2023-06-26 03:19:15'),
	(65,2,5,75,6,'2023-06-26 03:19:15','2023-06-26 03:19:15'),
	(66,2,1,98,7,'2023-06-26 03:19:15','2023-06-26 03:19:15'),
	(67,2,2,100,7,'2023-06-26 03:19:15','2023-06-26 03:19:15'),
	(68,2,3,91,7,'2023-06-26 03:19:15','2023-06-26 03:19:15'),
	(69,2,4,80,7,'2023-06-26 03:19:15','2023-06-26 03:19:15'),
	(70,2,5,98,7,'2023-06-26 03:19:15','2023-06-26 03:19:15'),
	(71,3,1,85,1,'2023-06-26 03:19:15','2023-06-26 03:19:15'),
	(72,3,2,85,1,'2023-06-26 03:19:15','2023-06-26 03:19:15'),
	(73,3,3,95,1,'2023-06-26 03:19:15','2023-06-26 03:19:15'),
	(74,3,4,81,1,'2023-06-26 03:19:15','2023-06-26 03:19:15'),
	(75,3,5,92,1,'2023-06-26 03:19:15','2023-06-26 03:19:15'),
	(76,3,1,87,2,'2023-06-26 03:19:15','2023-06-26 03:19:15'),
	(77,3,2,84,2,'2023-06-26 03:19:15','2023-06-26 03:19:15'),
	(78,3,3,83,2,'2023-06-26 03:19:15','2023-06-26 03:19:15'),
	(79,3,4,92,2,'2023-06-26 03:19:15','2023-06-26 03:19:15'),
	(80,3,5,93,2,'2023-06-26 03:19:15','2023-06-26 03:19:15'),
	(81,3,1,75,3,'2023-06-26 03:19:15','2023-06-26 03:19:15'),
	(82,3,2,85,3,'2023-06-26 03:19:15','2023-06-26 03:19:15'),
	(83,3,3,87,3,'2023-06-26 03:19:15','2023-06-26 03:19:15'),
	(84,3,4,78,3,'2023-06-26 03:19:15','2023-06-26 03:19:15'),
	(85,3,5,80,3,'2023-06-26 03:19:15','2023-06-26 03:19:15'),
	(86,3,1,91,4,'2023-06-26 03:19:15','2023-06-26 03:19:15'),
	(87,3,2,94,4,'2023-06-26 03:19:15','2023-06-26 03:19:15'),
	(88,3,3,90,4,'2023-06-26 03:19:15','2023-06-26 03:19:15'),
	(89,3,4,91,4,'2023-06-26 03:19:15','2023-06-26 03:19:15'),
	(90,3,5,84,4,'2023-06-26 03:19:15','2023-06-26 03:19:15'),
	(91,3,1,94,5,'2023-06-26 03:19:15','2023-06-26 03:19:15'),
	(92,3,2,77,5,'2023-06-26 03:19:15','2023-06-26 03:19:15'),
	(93,3,3,93,5,'2023-06-26 03:19:15','2023-06-26 03:19:15'),
	(94,3,4,85,5,'2023-06-26 03:19:15','2023-06-26 03:19:15'),
	(95,3,5,95,5,'2023-06-26 03:19:15','2023-06-26 03:19:15'),
	(96,3,1,87,6,'2023-06-26 03:19:15','2023-06-26 03:19:15'),
	(97,3,2,89,6,'2023-06-26 03:19:15','2023-06-26 03:19:15'),
	(98,3,3,94,6,'2023-06-26 03:19:15','2023-06-26 03:19:15'),
	(99,3,4,78,6,'2023-06-26 03:19:15','2023-06-26 03:19:15'),
	(100,3,5,90,6,'2023-06-26 03:19:15','2023-06-26 03:19:15'),
	(101,3,1,80,7,'2023-06-26 03:19:15','2023-06-26 03:19:15'),
	(102,3,2,87,7,'2023-06-26 03:19:15','2023-06-26 03:19:15'),
	(103,3,3,79,7,'2023-06-26 03:19:15','2023-06-26 03:19:15'),
	(104,3,4,87,7,'2023-06-26 03:19:15','2023-06-26 03:19:15'),
	(105,3,5,87,7,'2023-06-26 03:19:15','2023-06-26 03:19:15'),
	(106,4,1,78,1,'2023-06-26 03:19:15','2023-06-26 03:19:15'),
	(107,4,2,88,1,'2023-06-26 03:19:15','2023-06-26 03:19:15'),
	(108,4,3,79,1,'2023-06-26 03:19:15','2023-06-26 03:19:15'),
	(109,4,4,76,1,'2023-06-26 03:19:15','2023-06-26 03:19:15'),
	(110,4,5,82,1,'2023-06-26 03:19:15','2023-06-26 03:19:15'),
	(111,4,1,77,2,'2023-06-26 03:19:15','2023-06-26 03:19:15'),
	(112,4,2,95,2,'2023-06-26 03:19:15','2023-06-26 03:19:15'),
	(113,4,3,78,2,'2023-06-26 03:19:15','2023-06-26 03:19:15'),
	(114,4,4,100,2,'2023-06-26 03:19:15','2023-06-26 03:19:15'),
	(115,4,5,99,2,'2023-06-26 03:19:15','2023-06-26 03:19:15'),
	(116,4,1,78,3,'2023-06-26 03:19:15','2023-06-26 03:19:15'),
	(117,4,2,88,3,'2023-06-26 03:19:15','2023-06-26 03:19:15'),
	(118,4,3,98,3,'2023-06-26 03:19:15','2023-06-26 03:19:15'),
	(119,4,4,81,3,'2023-06-26 03:19:15','2023-06-26 03:19:15'),
	(120,4,5,86,3,'2023-06-26 03:19:15','2023-06-26 03:19:15'),
	(121,4,1,91,4,'2023-06-26 03:19:15','2023-06-26 03:19:15'),
	(122,4,2,96,4,'2023-06-26 03:19:15','2023-06-26 03:19:15'),
	(123,4,3,88,4,'2023-06-26 03:19:15','2023-06-26 03:19:15'),
	(124,4,4,78,4,'2023-06-26 03:19:15','2023-06-26 03:19:15'),
	(125,4,5,77,4,'2023-06-26 03:19:15','2023-06-26 03:19:15'),
	(126,4,1,87,5,'2023-06-26 03:19:15','2023-06-26 03:19:15'),
	(127,4,2,94,5,'2023-06-26 03:19:15','2023-06-26 03:19:15'),
	(128,4,3,98,5,'2023-06-26 03:19:15','2023-06-26 03:19:15'),
	(129,4,4,78,5,'2023-06-26 03:19:15','2023-06-26 03:19:15'),
	(130,4,5,81,5,'2023-06-26 03:19:15','2023-06-26 03:19:15'),
	(131,4,1,95,6,'2023-06-26 03:19:15','2023-06-26 03:19:15'),
	(132,4,2,75,6,'2023-06-26 03:19:15','2023-06-26 03:19:15'),
	(133,4,3,93,6,'2023-06-26 03:19:15','2023-06-26 03:19:15'),
	(134,4,4,88,6,'2023-06-26 03:19:15','2023-06-26 03:19:15'),
	(135,4,5,90,6,'2023-06-26 03:19:15','2023-06-26 03:19:15'),
	(136,4,1,88,7,'2023-06-26 03:19:15','2023-06-26 03:19:15'),
	(137,4,2,75,7,'2023-06-26 03:19:15','2023-06-26 03:19:15'),
	(138,4,3,85,7,'2023-06-26 03:19:15','2023-06-26 03:19:15'),
	(139,4,4,75,7,'2023-06-26 03:19:15','2023-06-26 03:19:15'),
	(140,4,5,93,7,'2023-06-26 03:19:15','2023-06-26 03:19:15'),
	(141,5,1,78,1,'2023-06-26 03:19:15','2023-06-26 03:19:15'),
	(142,5,2,96,1,'2023-06-26 03:19:15','2023-06-26 03:19:15'),
	(143,5,3,83,1,'2023-06-26 03:19:15','2023-06-26 03:19:15'),
	(144,5,4,86,1,'2023-06-26 03:19:15','2023-06-26 03:19:15'),
	(145,5,5,100,1,'2023-06-26 03:19:15','2023-06-26 03:19:15'),
	(146,5,1,94,2,'2023-06-26 03:19:15','2023-06-26 03:19:15'),
	(147,5,2,83,2,'2023-06-26 03:19:15','2023-06-26 03:19:15'),
	(148,5,3,87,2,'2023-06-26 03:19:15','2023-06-26 03:19:15'),
	(149,5,4,79,2,'2023-06-26 03:19:15','2023-06-26 03:19:15'),
	(150,5,5,97,2,'2023-06-26 03:19:15','2023-06-26 03:19:15'),
	(151,5,1,96,3,'2023-06-26 03:19:15','2023-06-26 03:19:15'),
	(152,5,2,91,3,'2023-06-26 03:19:15','2023-06-26 03:19:15'),
	(153,5,3,89,3,'2023-06-26 03:19:15','2023-06-26 03:19:15'),
	(154,5,4,83,3,'2023-06-26 03:19:15','2023-06-26 03:19:15'),
	(155,5,5,77,3,'2023-06-26 03:19:15','2023-06-26 03:19:15'),
	(156,5,1,95,4,'2023-06-26 03:19:15','2023-06-26 03:19:15'),
	(157,5,2,87,4,'2023-06-26 03:19:15','2023-06-26 03:19:15'),
	(158,5,3,94,4,'2023-06-26 03:19:15','2023-06-26 03:19:15'),
	(159,5,4,76,4,'2023-06-26 03:19:16','2023-06-26 03:19:16'),
	(160,5,5,99,4,'2023-06-26 03:19:16','2023-06-26 03:19:16'),
	(161,5,1,81,5,'2023-06-26 03:19:16','2023-06-26 03:19:16'),
	(162,5,2,97,5,'2023-06-26 03:19:16','2023-06-26 03:19:16'),
	(163,5,3,85,5,'2023-06-26 03:19:16','2023-06-26 03:19:16'),
	(164,5,4,84,5,'2023-06-26 03:19:16','2023-06-26 03:19:16'),
	(165,5,5,84,5,'2023-06-26 03:19:16','2023-06-26 03:19:16'),
	(166,5,1,83,6,'2023-06-26 03:19:16','2023-06-26 03:19:16'),
	(167,5,2,87,6,'2023-06-26 03:19:16','2023-06-26 03:19:16'),
	(168,5,3,81,6,'2023-06-26 03:19:16','2023-06-26 03:19:16'),
	(169,5,4,96,6,'2023-06-26 03:19:16','2023-06-26 03:19:16'),
	(170,5,5,82,6,'2023-06-26 03:19:16','2023-06-26 03:19:16'),
	(171,5,1,82,7,'2023-06-26 03:19:16','2023-06-26 03:19:16'),
	(172,5,2,75,7,'2023-06-26 03:19:16','2023-06-26 03:19:16'),
	(173,5,3,94,7,'2023-06-26 03:19:16','2023-06-26 03:19:16'),
	(174,5,4,87,7,'2023-06-26 03:19:16','2023-06-26 03:19:16'),
	(175,5,5,87,7,'2023-06-26 03:19:16','2023-06-26 03:19:16'),
	(176,6,1,90,1,'2023-06-26 03:36:26','2023-06-26 03:36:26'),
	(177,6,2,50,1,'2023-06-26 03:36:26','2023-06-26 03:36:26'),
	(178,6,3,70,1,'2023-06-26 03:36:26','2023-06-26 03:36:35'),
	(179,6,4,40,1,'2023-06-26 03:36:26','2023-06-26 03:36:26'),
	(180,6,5,90,1,'2023-06-26 03:36:26','2023-06-26 03:36:26'),
	(181,6,1,90,4,'2023-06-26 04:03:32','2023-06-26 04:03:32'),
	(182,6,2,90,4,'2023-06-26 04:03:32','2023-06-26 04:03:32'),
	(183,6,3,50,4,'2023-06-26 04:03:32','2023-06-26 04:03:32'),
	(184,6,4,24,4,'2023-06-26 04:03:32','2023-06-26 04:03:32'),
	(185,6,5,55,4,'2023-06-26 04:03:32','2023-06-26 04:03:32');

/*!40000 ALTER TABLE `student_scores` ENABLE KEYS */;
UNLOCK TABLES;


# Dump of table students
# ------------------------------------------------------------

DROP TABLE IF EXISTS `students`;

CREATE TABLE `students` (
  `id` bigint unsigned NOT NULL AUTO_INCREMENT,
  `nim` char(50) COLLATE utf8mb4_unicode_ci NOT NULL,
  `email` varchar(255) COLLATE utf8mb4_unicode_ci NOT NULL,
  `name` varchar(255) COLLATE utf8mb4_unicode_ci NOT NULL,
  PRIMARY KEY (`id`),
  UNIQUE KEY `students_nim_unique` (`nim`),
  UNIQUE KEY `students_email_unique` (`email`)
) ENGINE=InnoDB AUTO_INCREMENT=7 DEFAULT CHARSET=utf8mb4 COLLATE=utf8mb4_unicode_ci;

LOCK TABLES `students` WRITE;
/*!40000 ALTER TABLE `students` DISABLE KEYS */;

INSERT INTO `students` (`id`, `nim`, `email`, `name`)
VALUES
	(1,'2402476269','aroberts@yahoo.com','Ahmad Irfan Maulana'),
	(2,'2413705802','lenore.medhurst@gmail.com','Noval Adianto'),
	(3,'2479798768','paul.murphy@hoppe.com','Muhammad Ryan Alfauzaan'),
	(4,'2444762699','janie86@yahoo.com','Brian Gamaliel Sitepu'),
	(5,'2439079872','adrien32@herzog.biz','Allysa Pebriliani'),
	(6,'278343398934','email.ahmadirfan@gmail.com','Irfan');

/*!40000 ALTER TABLE `students` ENABLE KEYS */;
UNLOCK TABLES;



/*!40111 SET SQL_NOTES=@OLD_SQL_NOTES */;
/*!40101 SET SQL_MODE=@OLD_SQL_MODE */;
/*!40014 SET FOREIGN_KEY_CHECKS=@OLD_FOREIGN_KEY_CHECKS */;
/*!40101 SET CHARACTER_SET_CLIENT=@OLD_CHARACTER_SET_CLIENT */;
/*!40101 SET CHARACTER_SET_RESULTS=@OLD_CHARACTER_SET_RESULTS */;
/*!40101 SET COLLATION_CONNECTION=@OLD_COLLATION_CONNECTION */;
